id,arm,code_or_d,T,p,decoder,seed,shots,failures,ler,cp95_lo,cp95_hi,fail_vector_sha256,seconds,stim,pymatching,ldpc,numpy,python,cpu
A_d11_p0.001,A,d11,25,0.001,mwpm,20261006003,10000000,3,3e-07,6.186721656250593e-08,8.767270541303173e-07,747ea0842ad569c71f5fd5059598254239a6bca2a6683725478be4b543b474a7,599.97,1.16.0,2.4.0,2.4.1,2.2.6,3.10.12,INTEL(R) XEON(R) SILVER 4510
A_d11_p0.002,A,d11,25,0.002,mwpm,20261006007,4000000,144,3.6e-05,3.0360437116131225e-05,4.2383242961420274e-05,e6e9318c69462d387d07013b697d20f9aad7b213c47d8808d15e74c4965ee955,334.78,1.16.0,2.4.0,2.4.1,2.2.6,3.10.12,INTEL(R) XEON(R) SILVER 4510
A_d11_p0.003,A,d11,25,0.003,mwpm,20261006011,1000000,576,0.000576,0.0005299270091101241,0.0006250045078605242,a09615cdaeedc19105b6988434f7f1db9b7c674d8281ca947a1fe25834f36255,114.42,1.16.0,2.4.0,2.4.1,2.2.6,3.10.12,INTEL(R) XEON(R) SILVER 4510
A_d11_p0.005,A,d11,25,0.005,mwpm,20261006015,100000,1223,0.01223,0.011557952738916783,0.012930555884316611,e604b48284388ed170e27eee80b4e2407330733272b7f09456ccd585e60a062d,19.98,1.16.0,2.4.0,2.4.1,2.2.6,3.10.12,INTEL(R) XEON(R) SILVER 4510
A_d5_p0.001,A,d5,25,0.001,mwpm,20261006000,200000,154,0.00077,0.0006532267016374965,0.0009016119942362999,ba6737df171e1a40716209f56dd6971d71aaae1182f624ec9ec6783cafe00b0e,3.67,1.16.0,2.4.0,2.4.1,2.2.6,3.10.12,INTEL(R) XEON(R) SILVER 4510
A_d5_p0.002,A,d5,25,0.002,mwpm,20261006004,100000,561,0.00561,0.005156464870807322,0.006092560756693481,14f6b4deb0a5fdd6574f552b1807b98bba803421175f0fcd97e03672e7f21cd1,2.77,1.16.0,2.4.0,2.4.1,2.2.6,3.10.12,INTEL(R) XEON(R) SILVER 4510
A_d5_p0.003,A,d5,25,0.003,mwpm,20261006008,100000,1793,0.01793,0.017116554321480442,0.01877157483308022,8cfb069044b5caa5b077211bf0d931bb09c71f02e9e54b4d5c120aba83133cd7,2.92,1.16.0,2.4.0,2.4.1,2.2.6,3.10.12,INTEL(R) XEON(R) SILVER 4510
A_d5_p0.005,A,d5,25,0.005,mwpm,20261006012,100000,6988,0.06988,0.06830735667087037,0.07147764533203867,d91a8f0e1e0fabeee82cdd6c61fc07d272bab5432fbaf41b784c81f22a4dcd1b,4.45,1.16.0,2.4.0,2.4.1,2.2.6,3.10.12,INTEL(R) XEON(R) SILVER 4510
A_d7_p0.001,A,d7,25,0.001,mwpm,20261006001,2000000,145,7.25e-05,6.118025664610386e-05,8.530685781357985e-05,a4dfbf2ef7a1c1563c626c61f29e791964daf146972c53b7a88709744ee50c5d,55.41,1.16.0,2.4.0,2.4.1,2.2.6,3.10.12,INTEL(R) XEON(R) SILVER 4510
A_d7_p0.002,A,d7,25,0.002,mwpm,20261006005,100000,101,0.00101,0.0008227345559258711,0.0012271082301393127,0ac6aa58af477019a35bb1a9d6e76f8e80fb3ebd5ddbff2a607ad66673af69b9,5.59,1.16.0,2.4.0,2.4.1,2.2.6,3.10.12,INTEL(R) XEON(R) SILVER 4510
A_d7_p0.003,A,d7,25,0.003,mwpm,20261006009,100000,534,0.00534,0.0048976901636878034,0.00581136137713729,7cef945fe3165567cfb32ba231405b0996078ca819593789c2cab9aed0889b4b,5.97,1.16.0,2.4.0,2.4.1,2.2.6,3.10.12,INTEL(R) XEON(R) SILVER 4510
A_d7_p0.005,A,d7,25,0.005,mwpm,20261006013,100000,3897,0.03897,0.03777893862053371,0.04018789554422066,07c0151ab282bfc6e280d9dbe7c82b7b0541545b526ae4854ae31cd08950f76b,7.25,1.16.0,2.4.0,2.4.1,2.2.6,3.10.12,INTEL(R) XEON(R) SILVER 4510
A_d9_p0.001,A,d9,25,0.001,mwpm,20261006002,4000000,27,6.75e-06,4.448297096249843e-06,9.820880531813358e-06,d95017d0c5d2fa01f75c8a97e60fb675c3b2ab080cca32c35ac451f0e34dcd44,158.07,1.16.0,2.4.0,2.4.1,2.2.6,3.10.12,INTEL(R) XEON(R) SILVER 4510
A_d9_p0.002,A,d9,25,0.002,mwpm,20261006006,1000000,233,0.000233,0.00020404341694549243,0.0002649130855008503,fa31bfa156dbe71be98bc684a63f04412467e4aa69b4cda2d83fb88ee89bac63,61.14,1.16.0,2.4.0,2.4.1,2.2.6,3.10.12,INTEL(R) XEON(R) SILVER 4510
A_d9_p0.003,A,d9,25,0.003,mwpm,20261006010,100000,171,0.00171,0.0014634736092435873,0.0019861088709473163,08713f56dcc55ec168b98fceff68dd3f3ce2cf13e43a7e9205c4722bd24d5cf5,9.92,1.16.0,2.4.0,2.4.1,2.2.6,3.10.12,INTEL(R) XEON(R) SILVER 4510
A_d9_p0.005,A,d9,25,0.005,mwpm,20261006014,100000,2169,0.02169,0.02079604183169015,0.022611848160350494,e00056cd865c40b9931bd5f6f098a3f4b86206b9a779a1eb85246c2ba1cfbaca,12.81,1.16.0,2.4.0,2.4.1,2.2.6,3.10.12,INTEL(R) XEON(R) SILVER 4510
B_bb144_p0.02,B,bb144,,0.02,osd7,20261006016,3000000,266,8.866666666666666e-05,7.83308541346147e-05,9.998691966955194e-05,48d6b87c054fb3d26d66e9d7ade0bbfa29bba0a1dc1c6dd0d5d64c071e78e648,151.92,1.16.0,2.4.0,2.4.1,2.2.6,3.10.12,INTEL(R) XEON(R) SILVER 4510
C_bb144_T12_p0.005,C,bb144,12,0.005,osd7,20261006022,200000,0,0.0,0.0,1.844422717372012e-05,4c642c0276b1e9bc5f0ca4488d8a985a572256d8fbb967c13bfc81ede681a5d2,131.26,1.16.0,2.4.0,2.4.1,2.2.6,3.10.12,INTEL(R) XEON(R) SILVER 4510
C_bb144_T12_p0.01,C,bb144,12,0.01,osd7,20261006023,200000,3,1.5e-05,3.093371296905321e-06,4.383573331190015e-05,1d2acb8a776ddaeba28d2381688aab8a5fb43999c5c8d113f6c40645275f8f45,231.6,1.16.0,2.4.0,2.4.1,2.2.6,3.10.12,INTEL(R) XEON(R) SILVER 4510
C_bb144_T12_p0.02,C,bb144,12,0.02,osd7,20261006024,50000,88,0.00176,0.0014118033960160072,0.002167926348917394,ea4fac50b4d0f3053bf7580ebd33da5fb4eb60280387c6023b234a669199a100,488.64,1.16.0,2.4.0,2.4.1,2.2.6,3.10.12,INTEL(R) XEON(R) SILVER 4510
C_bb72_T6_p0.002,C,bb72,6,0.002,osd7,20261006017,1000000,33,3.3e-05,2.2715787023770883e-05,4.6343960052917e-05,5944b00d892c401b3573da7eddeb45cc755956425f9926e5a1275fb672100dc8,114.81,1.16.0,2.4.0,2.4.1,2.2.6,3.10.12,INTEL(R) XEON(R) SILVER 4510
C_bb72_T6_p0.005,C,bb72,6,0.005,osd7,20261006018,200000,136,0.00068,0.0005705521261126957,0.0008043138503464629,cf1ddddbce417d368d268308636df8fb01ae6236d449c70b0a64e3988dbbc29c,32.73,1.16.0,2.4.0,2.4.1,2.2.6,3.10.12,INTEL(R) XEON(R) SILVER 4510
C_bb72_T6_p0.01,C,bb72,6,0.01,osd7,20261006019,50000,293,0.00586,0.0052098037824322985,0.006568527298170223,65a9d6909782f04382be1d30e8f185133b4878223843b3ccc11c720298543bcf,10.22,1.16.0,2.4.0,2.4.1,2.2.6,3.10.12,INTEL(R) XEON(R) SILVER 4510
C_bb72_T6_p0.015,C,bb72,6,0.015,osd7,20261006020,20000,454,0.0227,0.02068037207181341,0.02485996820733878,34443695fd9021212cff1aaf2ef9b1e374a5a119328439c8d55aa163d9f5502e,5.99,1.16.0,2.4.0,2.4.1,2.2.6,3.10.12,INTEL(R) XEON(R) SILVER 4510
C_bb72_T6_p0.02,C,bb72,6,0.02,osd7,20261006021,20000,1093,0.05465,0.05153982090931758,0.057890419321690874,0769b50fe170459787d329e218eae56340994f96d6c9a7bd3c42b6a7861747c6,11.21,1.16.0,2.4.0,2.4.1,2.2.6,3.10.12,INTEL(R) XEON(R) SILVER 4510
pair_B_bb72_p0.04_bp,B,bb72,,0.04,bp,20261006025,100000,8765,0.08765,0.08590428807646906,0.08941967115623405,129358b01bf48d35784f8704c3f932a026b8a74a03ff7d7c19bd2e6dfc3a5988,3.49,1.16.0,2.4.0,2.4.1,2.2.6,3.10.12,INTEL(R) XEON(R) SILVER 4510
pair_B_bb72_p0.04_osd0,B,bb72,,0.04,osd0,20261006025,100000,7967,0.07967,0.07799891660793196,0.08136551036620093,7135286ef128f22c70c4379a1d2afeb6dafee4d23de96b92bff1aafc66d21b1b,3.59,1.16.0,2.4.0,2.4.1,2.2.6,3.10.12,INTEL(R) XEON(R) SILVER 4510
pair_B_bb72_p0.04_osd7,B,bb72,,0.04,osd7,20261006025,100000,7932,0.07932,0.07765229886945485,0.0810121486377233,3634c3f87e27cc9bc18b0eaa658f18adf5320c37a72baaeb7fa5ca1e51a9ed2c,3.96,1.16.0,2.4.0,2.4.1,2.2.6,3.10.12,INTEL(R) XEON(R) SILVER 4510
pair_C_bb72_T6_p0.01_bp,C,bb72,6,0.01,bp,20261006026,50000,391,0.00782,0.007066603215070217,0.0086313481127826,1d8fec2e3fe5aeaaa2c9e59e7215cc5a5d1add4042e62a901f041d6f332251c3,8.51,1.16.0,2.4.0,2.4.1,2.2.6,3.10.12,INTEL(R) XEON(R) SILVER 4510
pair_C_bb72_T6_p0.01_osd0,C,bb72,6,0.01,osd0,20261006026,50000,330,0.0066,0.00590902925686696,0.007349150582182195,a8807906e1a62112354b1b29827d35de9ab4c79f7e9307de99169a8c89efc9e4,8.61,1.16.0,2.4.0,2.4.1,2.2.6,3.10.12,INTEL(R) XEON(R) SILVER 4510
pair_C_bb72_T6_p0.01_osd7,C,bb72,6,0.01,osd7,20261006026,50000,326,0.00652,0.005833321016867671,0.0072648746369267676,8de5a9fc20284d1bc8ed9f3caf5bf37ccd1af511d0cce206d7d87fa7661842d5,9.09,1.16.0,2.4.0,2.4.1,2.2.6,3.10.12,INTEL(R) XEON(R) SILVER 4510
pair_C_bb72_T6_p0.02_bp,C,bb72,6,0.02,bp,20261006027,20000,1651,0.08255,0.07877186150670283,0.08644999983686487,73ee2841e75fd23ce70f75d2b9b502dc1841b50eb18ddb7cdbb76ad6ba49b920,7.32,1.16.0,2.4.0,2.4.1,2.2.6,3.10.12,INTEL(R) XEON(R) SILVER 4510
pair_C_bb72_T6_p0.02_osd0,C,bb72,6,0.02,osd0,20261006027,20000,1149,0.05745,0.054264511117873775,0.06076487921708028,43e5ece9e6f4d402dc6a03787dce161e8d04a0bb182fb1908b7a2364ceac17a4,7.82,1.16.0,2.4.0,2.4.1,2.2.6,3.10.12,INTEL(R) XEON(R) SILVER 4510
pair_C_bb72_T6_p0.02_osd7,C,bb72,6,0.02,osd7,20261006027,20000,1108,0.0554,0.0522694285090619,0.05866058379618858,3a134df4b4c10f7e6f86831b3a721c7b7cbc6ef324e4c8da3d6b2cbe593de717,10.66,1.16.0,2.4.0,2.4.1,2.2.6,3.10.12,INTEL(R) XEON(R) SILVER 4510
