session,id,arm,code_or_d,T,p,decoder,calls,warmup,mean_us,p50_us,p90_us,p95_us,p99_us,max_us,p50_ci95_lo,p50_ci95_hi,p99_ci95_lo,p99_ci95_hi,bp_not_converged,slowest5_not_converged,core,loadavg_start,position_in_session,seed,cpu
1,L_A_d11_p0.001,A,d11,,0.001,mwpm,10000,500,29.78805177845061,28.81838008761406,36.71501763164997,40.0531105697155,48.21882117539644,93.09733286499977,28.699170798063278,28.95202487707138,47.57381975650787,49.28838461637497,,,47,29.021484375,1,20261006601,INTEL(R) XEON(R) SILVER 4510
1,L_A_d7_p0.001,A,d7,,0.001,mwpm,10000,500,11.966506112366915,11.064577847719193,15.636393800377848,18.05552747100591,28.619444929063327,116.35525152087212,10.986346751451492,11.138152331113815,26.854220777750015,31.25285729765892,,,47,30.63330078125,8,20261006600,INTEL(R) XEON(R) SILVER 4510
1,L_B_bb144_p0.02,B,bb144,,0.02,osd7,10000,500,20.08459377102554,19.56801861524582,27.413340285420418,32.587232999503605,48.67820069193843,597.3069928586483,19.50375735759735,19.63600516319275,45.862048864364624,51.451846957206726,8,0.016,47,30.63330078125,7,20261006603,INTEL(R) XEON(R) SILVER 4510
1,L_B_bb72_p0.02,B,bb72,,0.02,osd7,10000,500,12.033745925873518,11.18239015340805,16.21064729988575,18.623820506036267,32.412670552730575,634.761992841959,11.16795465350151,11.201947927474976,29.515940696001053,37.20121458172798,41,0.082,47,29.021484375,0,20261006602,INTEL(R) XEON(R) SILVER 4510
1,L_C_bb144_T12_p0.01,C,bb144,12,0.01,osd7,10000,500,773.4437544364482,409.7048658877611,634.7752176225185,738.079356960952,25434.274999424826,42201.51016488671,409.1160371899605,410.471111536026,1704.2537219822407,27178.67214232683,107,0.214,47,31.3662109375,5,20261006608,INTEL(R) XEON(R) SILVER 4510
1,L_C_bb72_T6_p0.005,C,bb72,6,0.005,osd7,10000,500,107.13569135405123,96.74206376075745,134.50873084366322,163.10876235365865,214.99625407159334,535.0206047296524,96.67035192251205,96.84916585683823,210.20090207457542,227.54119709134102,0,,47,29.021484375,2,20261006605,INTEL(R) XEON(R) SILVER 4510
1,L_C_bb72_T6_p0.02,C,bb72,6,0.02,osd7,10000,500,335.1980334613472,119.27168816328049,299.4603477418423,2944.498509168624,3290.075976401568,5769.781302660704,115.8849336206913,121.82584032416344,3258.3926804363728,3334.5078118145466,668,1.0,47,28.69921875,4,20261006604,INTEL(R) XEON(R) SILVER 4510
1,L_C_bb72_T6_p0.02_bp,C,bb72,6,0.02,bp,10000,500,284.80025534518063,143.74707825481892,408.5976164788008,1617.062021978146,2028.3722737804055,4114.745184779167,142.36988499760628,145.37014067173004,1950.1084461808205,2069.8560401797295,719,0.992,47,29.021484375,3,20261006607,INTEL(R) XEON(R) SILVER 4510
1,L_C_bb72_T6_p0.02_osd0,C,bb72,6,0.02,osd0,10000,500,249.18848969973624,128.71366925537586,334.5417324453593,1380.3145382553337,2092.0309238135815,2678.524237126112,128.28782200813293,129.04638424515724,1937.3898394405842,2198.840957134962,660,0.984,47,30.77587890625,6,20261006606,INTEL(R) XEON(R) SILVER 4510
2,L_A_d11_p0.001,A,d11,,0.001,mwpm,10000,500,20.65141019411385,20.133797079324722,25.339145213365555,27.468474581837647,32.733501866459854,45.859720557928085,20.0481154024601,20.19433304667473,32.20001235604286,33.45310688018799,,,47,31.03271484375,6,20261006701,INTEL(R) XEON(R) SILVER 4510
2,L_A_d7_p0.001,A,d7,,0.001,mwpm,10000,500,11.84752993285656,10.989140719175339,15.797466039657596,17.990148626267906,27.1706096827984,90.74434638023376,10.93326136469841,11.06085255742073,26.15712583065033,29.62397411465645,,,47,30.63330078125,1,20261006700,INTEL(R) XEON(R) SILVER 4510
2,L_B_bb144_p0.02,B,bb144,,0.02,osd7,10000,500,19.660587888211012,19.52657476067543,27.14209258556366,31.42619971185922,50.1631572842598,573.6020393669605,19.45625990629196,19.588973373174667,48.03808405995369,53.758732974529266,3,0.006,47,30.63330078125,0,20261006703,INTEL(R) XEON(R) SILVER 4510
2,L_B_bb72_p0.02,B,bb72,,0.02,osd7,10000,500,9.274548850953579,8.199596777558327,13.863667845726019,15.92340413480995,30.31301777809859,389.0823572874069,8.147209882736206,8.254311978816986,27.86470577120781,33.72924402356148,24,0.048,47,31.3837890625,3,20261006702,INTEL(R) XEON(R) SILVER 4510
2,L_C_bb144_T12_p0.01,C,bb144,12,0.01,osd7,10000,500,775.6694689858705,411.05481795966625,684.7800686955452,811.5980541333549,3366.1353820935196,37976.25796869397,409.8890349268913,412.52700611948967,1647.458877414465,27574.78319108486,97,0.194,47,31.4306640625,8,20261006708,INTEL(R) XEON(R) SILVER 4510
2,L_C_bb72_T6_p0.005,C,bb72,6,0.005,osd7,10000,500,79.21646437607706,69.52788680791855,97.86193259060383,120.77332939952612,163.8038735836745,3997.168969362974,69.46036592125893,69.59587335586548,157.7199436724186,170.64018175005913,4,0.008,47,31.3837890625,4,20261006705,INTEL(R) XEON(R) SILVER 4510
2,L_C_bb72_T6_p0.02,C,bb72,6,0.02,osd7,10000,500,378.8890534546226,128.04241850972176,345.88226117193716,2992.891287431121,4257.510621100666,5438.582040369511,127.68479064106941,128.5090111196041,4145.911894738674,4338.926170021296,698,1.0,47,30.63330078125,2,20261006704,INTEL(R) XEON(R) SILVER 4510
2,L_C_bb72_T6_p0.02_bp,C,bb72,6,0.02,bp,10000,500,240.44549292884767,130.81100769340992,330.65918833017355,1383.8836457580326,1851.5040073543787,3226.9740477204323,130.1937736570835,131.3849352300167,1807.07685649395,1931.280829012394,653,0.986,47,31.03271484375,5,20261006707,INTEL(R) XEON(R) SILVER 4510
2,L_C_bb72_T6_p0.02_osd0,C,bb72,6,0.02,osd0,10000,500,262.41398714482784,130.0973817706108,367.79018118977547,1411.970402114093,2162.388847209513,2723.68174046278,129.62939217686653,130.56211173534393,2082.997001707554,2245.516050606966,736,0.986,47,31.03271484375,7,20261006706,INTEL(R) XEON(R) SILVER 4510
3,L_A_d11_p0.001,A,d11,,0.001,mwpm,10000,500,23.389405198395252,21.776650100946426,30.276831239461902,35.04035994410514,57.01706279069185,166.58008098602295,21.651387214660645,21.881889551877975,53.58224734663963,62.06100806593895,,,47,24.49658203125,6,20261006801,INTEL(R) XEON(R) SILVER 4510
3,L_A_d7_p0.001,A,d7,,0.001,mwpm,10000,500,12.134279077872634,11.478550732135773,16.02722331881523,18.43243371695279,25.77394712716342,89.88194167613983,11.412892490625381,11.547934263944626,24.5729461312294,26.98274329304695,,,47,27.29296875,0,20261006800,INTEL(R) XEON(R) SILVER 4510
3,L_B_bb144_p0.02,B,bb144,,0.02,osd7,10000,500,18.63607824780047,15.865080058574677,28.14522013068199,30.07338382303714,41.89966246485711,520.576722919941,15.825033187866211,15.903729945421219,41.381921619176865,43.12722012400627,8,0.016,47,26.46826171875,4,20261006803,INTEL(R) XEON(R) SILVER 4510
3,L_B_bb72_p0.02,B,bb72,,0.02,osd7,10000,500,9.768293844535947,8.298084139823914,14.101201668381691,16.07700251042843,32.8655866906047,444.2180506885052,8.250121027231216,8.353032171726227,28.98275852203369,38.147903978824615,40,0.08,47,27.29296875,2,20261006802,INTEL(R) XEON(R) SILVER 4510
3,L_C_bb144_T12_p0.01,C,bb144,12,0.01,osd7,10000,500,751.9988742191344,410.38799099624157,657.8120402991772,775.3629703074689,2355.363885872087,40363.90408873558,409.74514558911324,411.08811274170876,1421.154011040926,26971.20141237974,91,0.182,47,25.1494140625,5,20261006808,INTEL(R) XEON(R) SILVER 4510
3,L_C_bb72_T6_p0.005,C,bb72,6,0.005,osd7,10000,500,72.11984028108418,69.47596557438374,94.8443077504635,97.25478012114762,123.30548372119668,2943.5683973133564,69.44406777620316,69.50926035642624,122.19371274113655,128.7790946662426,2,0.004,47,24.49658203125,7,20261006805,INTEL(R) XEON(R) SILVER 4510
3,L_C_bb72_T6_p0.02,C,bb72,6,0.02,osd7,10000,500,347.89248211309314,124.78488497436047,315.86918048560625,2924.0681789815426,3800.2907438203706,5296.0640750825405,124.1099089384079,125.44216588139534,3634.420223534107,3971.7168547213078,671,1.0,47,26.46826171875,3,20261006804,INTEL(R) XEON(R) SILVER 4510
3,L_C_bb72_T6_p0.02_bp,C,bb72,6,0.02,bp,10000,500,214.4290929660201,111.47954501211643,298.2729580253363,1307.8080723062158,1363.728796131909,2148.0596624314785,108.52189734578133,114.52101171016693,1357.8198850154877,1371.762715280056,679,0.996,47,24.6171875,8,20261006807,INTEL(R) XEON(R) SILVER 4510
3,L_C_bb72_T6_p0.02_osd0,C,bb72,6,0.02,osd0,10000,500,255.44818863272667,130.4910983890295,354.09838892519497,1417.0777751132844,2076.5207381919026,2723.4316803514957,130.10669499635696,130.9509389102459,1992.889679968357,2194.7859786450863,699,0.988,47,27.29296875,1,20261006806,INTEL(R) XEON(R) SILVER 4510
4,L_A_d11_p0.001,A,d11,,0.001,mwpm,10000,500,23.632847238332033,22.022519260644913,30.525121837854385,35.13428382575512,58.319652453064975,182.66402184963226,21.899119019508362,22.130087018013,55.755022913217545,61.63911893963814,,,47,26.17138671875,7,20261006901,INTEL(R) XEON(R) SILVER 4510
4,L_A_d7_p0.001,A,d7,,0.001,mwpm,10000,500,11.628250451758504,10.883435606956482,15.653250738978386,17.783045768737786,25.959857739508166,86.38529106974602,10.803807526826859,10.955147445201874,24.85513687133789,27.964822947978973,,,47,24.6171875,2,20261006900,INTEL(R) XEON(R) SILVER 4510
4,L_B_bb144_p0.02,B,bb144,,0.02,osd7,10000,500,20.36657272838056,19.827159121632576,27.93744206428528,33.64856820553539,49.657863564789324,1074.903178960085,19.76964995265007,19.876286387443542,46.60710692405701,53.11379209160805,3,0.006,47,24.6171875,1,20261006903,INTEL(R) XEON(R) SILVER 4510
4,L_B_bb72_p0.02,B,bb72,,0.02,osd7,10000,500,9.734693821519613,8.424278348684311,14.04741778969765,16.173580661416043,28.99893559515478,1290.3991155326366,8.360017091035843,8.495990186929703,26.77086740732193,32.42306411266327,31,0.062,47,24.6171875,0,20261006902,INTEL(R) XEON(R) SILVER 4510
4,L_C_bb144_T12_p0.01,C,bb144,12,0.01,osd7,10000,500,699.2455353494734,409.0771544724703,617.2648165374994,707.8769383952019,1763.3859300986185,43149.29759129882,408.5870459675789,409.61895138025284,1289.2740778625011,25275.954976677895,88,0.176,47,24.1669921875,4,20261006908,INTEL(R) XEON(R) SILVER 4510
4,L_C_bb72_T6_p0.005,C,bb72,6,0.005,osd7,10000,500,83.19260734133422,71.47085852921009,111.14398948848248,128.62675357609987,189.07078076154005,4063.101951032877,71.05013355612755,72.01172411441803,180.704053491354,197.9609951376915,2,0.004,47,26.17138671875,6,20261006905,INTEL(R) XEON(R) SILVER 4510
4,L_C_bb72_T6_p0.02,C,bb72,6,0.02,osd7,10000,500,358.51037059910595,129.28014621138573,320.9034446626902,2945.385430939495,4141.305126249791,5383.868236094713,128.63101437687874,129.7593116760254,4018.675070255995,4272.082820534706,656,1.0,47,25.05419921875,5,20261006904,INTEL(R) XEON(R) SILVER 4510
4,L_C_bb72_T6_p0.02_bp,C,bb72,6,0.02,bp,10000,500,240.6454554758966,126.95137411355972,334.6282988786698,1256.8345293402663,1947.5643662735827,2486.045937985182,126.43588706851006,127.38024815917015,1910.9849818050861,2005.9100352227688,680,0.994,47,24.6171875,3,20261006907,INTEL(R) XEON(R) SILVER 4510
4,L_C_bb72_T6_p0.02_osd0,C,bb72,6,0.02,osd0,10000,500,249.90650257095695,128.81099246442318,342.3894755542279,1386.608346365392,2063.707523047925,3109.539858996868,128.45266610383987,129.20238077640533,1977.228093892336,2157.26625174284,666,0.988,47,26.17138671875,8,20261006906,INTEL(R) XEON(R) SILVER 4510
5,L_A_d11_p0.001,A,d11,,0.001,mwpm,10000,500,22.899244306609035,21.79248258471489,29.002595692873,31.94743767380714,45.267390087246945,154.65402975678444,21.68118953704834,21.8893401324749,42.922794818878174,48.91073331236839,,,47,27.03857421875,2,20261007001,INTEL(R) XEON(R) SILVER 4510
5,L_A_d7_p0.001,A,d7,,0.001,mwpm,10000,500,12.491859123110771,11.536292731761932,16.39155671000481,18.70249398052692,27.40976866334679,1602.156087756157,11.475756764411926,11.615920811891556,25.695189833641052,29.74690869450569,,,47,27.03857421875,1,20261007000,INTEL(R) XEON(R) SILVER 4510
5,L_B_bb144_p0.02,B,bb144,,0.02,osd7,10000,500,22.581408312544227,21.34125679731369,34.01106223464012,38.6635074391961,47.5284969434144,799.5390333235264,21.185725927352905,21.526124328374863,45.52304744720459,52.5452196598053,7,0.014,47,26.20263671875,5,20261007003,INTEL(R) XEON(R) SILVER 4510
5,L_B_bb72_p0.02,B,bb72,,0.02,osd7,10000,500,8.202634006738663,7.982831448316574,11.522835120558739,12.753112241625786,22.19931688159711,216.20187908411026,7.971655577421188,7.995869964361191,20.3731469810009,24.79134127497673,33,0.066,47,27.03857421875,3,20261007002,INTEL(R) XEON(R) SILVER 4510
5,L_C_bb144_T12_p0.01,C,bb144,12,0.01,osd7,10000,500,775.2833630423993,408.9660942554474,629.0924269706011,740.7063152641057,26097.773239016555,39203.94601300359,408.32394734025,409.6510820090771,1828.9396539330482,28153.455816209316,104,0.208,47,27.03857421875,4,20261007008,INTEL(R) XEON(R) SILVER 4510
5,L_C_bb72_T6_p0.005,C,bb72,6,0.005,osd7,10000,500,82.39219766110182,71.20240479707718,108.27011428773405,125.74947904795408,189.55444451421505,2872.766926884651,70.79774513840675,71.90229371190071,179.10264432430267,199.39709454774857,2,0.004,47,27.03857421875,0,20261007005,INTEL(R) XEON(R) SILVER 4510
5,L_C_bb72_T6_p0.02,C,bb72,6,0.02,osd7,10000,500,340.81783019937575,120.71756646037102,310.65796501934534,2966.4142522960897,3336.2993504852057,5561.49473413825,117.51428246498108,123.23865666985512,3273.0489037930965,3412.943799048662,675,1.0,47,26.20263671875,6,20261007004,INTEL(R) XEON(R) SILVER 4510
5,L_C_bb72_T6_p0.02_bp,C,bb72,6,0.02,bp,10000,500,223.48549533635378,122.38509953022003,316.19970686733734,1311.3222084939475,1487.7571165561687,2864.18991163373,120.10103091597557,124.05635789036751,1407.118048518896,1618.3252446353436,695,0.994,47,25.54541015625,8,20261007007,INTEL(R) XEON(R) SILVER 4510
5,L_C_bb72_T6_p0.02_osd0,C,bb72,6,0.02,osd0,10000,500,225.50701065920293,118.21486987173557,287.00386174023157,1398.3483891934156,1504.9020061269407,2526.0141119360924,113.53893205523491,120.9210604429245,1486.7554418742657,1521.6427855193615,692,0.994,47,25.54541015625,7,20261007006,INTEL(R) XEON(R) SILVER 4510
